timestamp,symbol,action,shares,price,reasoning
2026-01-30T13:43:15.527431,AAPL,BUY,6,145.41,"Strong technical breakout, RSI oversold"
2026-01-30T13:43:15.528344,TSLA,BUY,5,171.58,"EV sector momentum, earnings beat expected"
2026-01-30T13:43:15.528924,NVDA,BUY,7,117.36,"AI chip demand surge, datacenter growth"
2026-01-30T19:36:31.133488,AAPL,SELL,3,148.79,Fallback: Profit taking on existing position
2026-01-30T19:36:35.333170,NVDA,SELL,3,113.92,Fallback: Profit taking on existing position
2026-01-30T19:37:15.887427,AAPL,SELL,1,146.87,Fallback: Profit taking on existing position
2026-01-30T19:37:15.888007,NVDA,SELL,2,101.61,Fallback: Profit taking on existing position
2026-01-30T20:03:49.693489,TSLA,SELL,2,170.49,Fallback: Profit taking on existing position
2026-01-30T21:30:01.483015,AAPL,BUY,2,153.0,"Fallback: bullish market, technical setup"
2026-01-30T21:30:01.484016,TSLA,SELL,1,169.36,Fallback: Profit taking on existing position
2026-01-30T21:30:01.484323,NVDA,SELL,1,116.56,Fallback: Profit taking on existing position
